[
	{
		"id": 1,
		"nombre": "HUAWEI Watch GT 5",
		"descripcion": "HUAWEI Watch GT 5 46mm Smartwatch (GPS), hasta 14 Días de BaterÍa, Nueva experiencia de carrera y bicicleta, Sharp-Edged Design, Seguimiento de la salud, Compatible con iOS y Android, Negro Mate",
		"precio": 3699,
		"imagen": "https://m.media-amazon.com/images/I/61IoQSplZ-L._AC_SL1500_.jpg",
		"sku": "SE122AS",
		"descuento": -20,
		"categoria": "Electronica",
		"stock": 20,
		"promocion": true
	},
	{
		"id": 2,
		"nombre": "Ralph Lauren Polo 67",
		"descripcion": "Perfume para Hombre Eau de Toilette Aroma Amaderado y Solar con Piña, Bergamota y Vetiver",
		"precio": 2430,
		"imagen": "https://m.media-amazon.com/images/I/51qfJxWbFPL._AC_SL1134_.jpg",
		"sku": "SE122AS",
		"descuento": -20,
		"categoria": "Perfumes",
		"stock": 3,
		"promocion": true
	},
	{
		"id": 3,
		"nombre": "Bose S1",
		"descripcion": "ltavoz Bluetooth Todo en uno, Sistema PA inalámbrico, Negro",
		"precio": 13599,
		"imagen": "https://m.media-amazon.com/images/I/71ENXU84F0L._AC_SL1500_.jpg",
		"sku": "SE122AS",
		"descuento": -10,
		"categoria": "Electronica",
		"stock": 15,
		"promocion": true
	},
	{
		"id": 4,
		"nombre": "Camisa de poloHombre",
		"descripcion": "as botellas de agua de Under Armour de 32 onzas contienen líquido con una tapa de tiro rápido y válvula unidireccional para una hidratación rápida, perfectas para apretar botellas de agua deportivas, botellas de agua de gimnasio para hombres y mujeres, y mucho más.",
		"precio": 13599,
		"imagen": "https://m.media-amazon.com/images/I/41MChFe2p2L._AC_SX679_.jpg",
		"sku": "SE122AS",
		"descuento": -10,
		"categoria": "Deportes",
		"stock": 15,
		"promocion": false
	},
	{
		"id": 5,
		"nombre": "Under Armour Botella De Agua",
		"descripcion": "ltavoz Bluetooth Todo en uno, Sistema PA inalámbrico, Negro",
		"precio": 13599,
		"imagen": "https://m.media-amazon.com/images/I/3108HJ8z9gL._AC_SL1127_.jpg",
		"sku": "SE122AS",
		"descuento": -10,
		"categoria": "Deportes",
		"stock": 15,
		"promocion": false
	},
	{
		"id": 6,
		"nombre": "Apple iPhone 14",
		"descripcion": "iPhone 14 128GB, Blue, 6.1-inch Super Retina XDR Display",
		"precio": 20999,
		"imagen": "https://m.media-amazon.com/images/I/61bK6PMOC3L._AC_SL1500_.jpg",
		"sku": "IPHN14BL",
		"descuento": -5,
		"categoria": "Electronica",
		"stock": 50,
		"promocion": true
	},
	{
		"id": 7,
		"nombre": "Sony WH-1000XM5",
		"descripcion": "Auriculares Inalámbricos con Cancelación de Ruido, Bluetooth",
		"precio": 7499,
		"imagen": "https://m.media-amazon.com/images/I/71o8Q5XJS5L._AC_SL1500_.jpg",
		"sku": "SONYX5",
		"descuento": -15,
		"categoria": "Electronica",
		"stock": 30,
		"promocion": true
	},
	{
		"id": 8,
		"nombre": "Adidas Ultraboost 22",
		"descripcion": "Tenis para correr para hombre, máximo confort y soporte",
		"precio": 4299,
		"imagen": "https://m.media-amazon.com/images/I/61QODqw6u-L._AC_SY675_.jpg",
		"sku": "ADUB22",
		"descuento": -20,
		"categoria": "Deportes",
		"stock": 25,
		"promocion": true
	},
	{
		"id": 9,
		"nombre": "Samsung Galaxy Tab S8",
		"descripcion": "Tablet 11 Pantalla TFT, Wi-Fi, 128GB, Negro",
		"precio": 15499,
		"imagen": "https://m.media-amazon.com/images/I/417bx91cc8L._AC_UL320_.jpg",
		"sku": "SGTS8",
		"descuento": -10,
		"categoria": "Electronica",
		"stock": 40,
		"promocion": true
	},
	{
		"id": 10,
		"nombre": "LG Smart TV OLED55",
		"descripcion": "55 Smart TV OLED 4K, webOS, Dolby Vision y Atmos",
		"precio": 19999,
		"imagen": "https://m.media-amazon.com/images/I/71ytbL3MGnL._AC_UL320_.jpg",
		"sku": "LG55OLED",
		"descuento": -15,
		"categoria": "Electronica",
		"stock": 20,
		"promocion": true
	},
	{
		"id": 11,
		"nombre": "Fitbit Charge 5",
		"descripcion": "Rastreador de actividad y salud con GPS, Azul Acero",
		"precio": 3599,
		"imagen": "https://m.media-amazon.com/images/I/51q7FojdicL._AC_UL320_.jpg",
		"sku": "FITC5",
		"descuento": -10,
		"categoria": "Deportes",
		"stock": 60,
		"promocion": true
	},
	{
		"id": 12,
		"nombre": "Cámara GoPro HERO12",
		"descripcion": "Cámara de acción con 5.3K Video, Estabilización HyperSmooth",
		"precio": 10999,
		"imagen": "https://m.media-amazon.com/images/I/41Yf9ZT2pNL._AC_UL320_.jpg",
		"sku": "GPH12",
		"descuento": -5,
		"categoria": "Electronica",
		"stock": 35,
		"promocion": true
	},
	{
		"id": 13,
		"nombre": "Perfume Dolce & Gabbana The One",
		"descripcion": "Perfume para hombre, Eau de Parfum, 100 ml",
		"precio": 2699,
		"imagen": "https://m.media-amazon.com/images/I/51QZqX+0j1L._AC_UL320_.jpg",
		"sku": "DGONE",
		"descuento": -10,
		"categoria": "Perfumes",
		"stock": 10,
		"promocion": true
	},
	{
		"id": 14,
		"nombre": "T-Fal Sartén de 30cm",
		"descripcion": "Sartén de aluminio antiadherente con Thermo-Spot",
		"precio": 699,
		"imagen": "https://m.media-amazon.com/images/I/61KG13+O+hL._AC_UL320_.jpg",
		"sku": "TFAL30",
		"descuento": -20,
		"categoria": "Hogar",
		"stock": 80,
		"promocion": true
	},
	{
		"id": 15,
		"nombre": "Colchón Sealy Individual",
		"descripcion": "Colchón individual, ergonómico, UltraComfort",
		"precio": 6599,
		"imagen": "https://m.media-amazon.com/images/I/71oLLFCouKL._AC_UL320_.jpg",
		"sku": "SEALYIND",
		"descuento": -10,
		"categoria": "Hogar",
		"stock": 10,
		"promocion": true
	},
	{
		"id": 16,
		"nombre": "Razer DeathAdder V3",
		"descripcion": "Ratón Gaming con Cable, 26K DPI, Ergonómico",
		"precio": 1599,
		"imagen": "https://m.media-amazon.com/images/I/514G5ZEPm9L._AC_UL320_.jpg",
		"sku": "RAZV3",
		"descuento": -5,
		"categoria": "Computo",
		"stock": 70,
		"promocion": true
	},
	{
		"id": 17,
		"nombre": "Xbox Series X",
		"descripcion": "Consola de videojuegos, 1TB, 4K Gaming",
		"precio": 13999,
		"imagen": "https://m.media-amazon.com/images/I/61eYoSqkHnL._AC_UL320_.jpg",
		"sku": "XBSX",
		"descuento": -10,
		"categoria": "Videojuegos",
		"stock": 25,
		"promocion": true
	},
	{
		"id": 18,
		"nombre": "PlayStation 5",
		"descripcion": "Consola de videojuegos, 1TB, DualSense",
		"precio": 14999,
		"imagen": "https://m.media-amazon.com/images/I/51fM0CKG+HL._AC_UL320_.jpg",
		"sku": "PS5",
		"descuento": -10,
		"categoria": "Videojuegos",
		"stock": 15,
		"promocion": true
	},
	{
		"id": 19,
		"nombre": "Kindle Paperwhite 11a Gen",
		"descripcion": "Lector de libros electrónicos, luz ajustable, 8GB",
		"precio": 2399,
		"imagen": "https://m.media-amazon.com/images/I/71mY6MfsxUL._AC_UL320_.jpg",
		"sku": "KPW11",
		"descuento": -10,
		"categoria": "Electronica",
		"stock": 100,
		"promocion": true
	},
	{
		"id": 20,
		"nombre": "Audífonos JBL Tune 510BT",
		"descripcion": "Audífonos inalámbricos Bluetooth, 40 horas de batería",
		"precio": 1499,
		"imagen": "https://m.media-amazon.com/images/I/61kFL7ywsZS._AC_UL320_.jpg",
		"sku": "JBLT510",
		"descuento": -15,
		"categoria": "Electronica",
		"stock": 45,
		"promocion": true
	}
]
